"game_id","away_team","home_team"
21800001,"Philadelphia 76ers","Boston Celtics"
21800002,"Oklahoma City Thunder","Golden State Warriors"
21800008,"Cleveland Cavaliers","Toronto Raptors"
21800003,"Milwaukee Bucks","Charlotte Hornets"
21800011,"Utah Jazz","Sacramento Kings"
21800005,"Memphis Grizzlies","Indiana Pacers"
21800004,"Brooklyn Nets","Detroit Pistons"
21800009,"New Orleans Pelicans","Houston Rockets"
21800006,"Miami Heat","Orlando Magic"
21800012,"Denver Nuggets","LA Clippers"
21800013,"Dallas Mavericks","Phoenix Suns"
21800007,"Atlanta Hawks","New York Knicks"
21800010,"Minnesota Timberwolves","San Antonio Spurs"
21800015,"Miami Heat","Washington Wizards"
21800016,"Los Angeles Lakers","Portland Trail Blazers"
21800014,"Chicago Bulls","Philadelphia 76ers"
21800022,"Sacramento Kings","New Orleans Pelicans"
21800020,"Atlanta Hawks","Memphis Grizzlies"
21800019,"Boston Celtics","Toronto Raptors"
21800021,"Cleveland Cavaliers","Minnesota Timberwolves"
21800023,"Indiana Pacers","Milwaukee Bucks"
21800024,"Golden State Warriors","Utah Jazz"
21800017,"Charlotte Hornets","Orlando Magic"
21800025,"Oklahoma City Thunder","LA Clippers"
21800018,"New York Knicks","Brooklyn Nets"
21800027,"Toronto Raptors","Washington Wizards"
21800033,"Phoenix Suns","Denver Nuggets"
21800032,"Minnesota Timberwolves","Dallas Mavericks"
21800026,"Brooklyn Nets","Indiana Pacers"
21800034,"San Antonio Spurs","Portland Trail Blazers"
21800030,"Charlotte Hornets","Miami Heat"
21800028,"Boston Celtics","New York Knicks"
21800031,"Detroit Pistons","Chicago Bulls"
21800035,"Houston Rockets","Los Angeles Lakers"
21800029,"Orlando Magic","Philadelphia 76ers"
21800037,"Sacramento Kings","Oklahoma City Thunder"
21800038,"Golden State Warriors","Denver Nuggets"
21800036,"Atlanta Hawks","Cleveland Cavaliers"
21800039,"Houston Rockets","LA Clippers"
21800041,"Charlotte Hornets","Toronto Raptors"
21800043,"Indiana Pacers","Minnesota Timberwolves"
21800044,"Chicago Bulls","Dallas Mavericks"
21800042,"New York Knicks","Milwaukee Bucks"
21800045,"Memphis Grizzlies","Utah Jazz"
21800046,"Washington Wizards","Portland Trail Blazers"
21800040,"Orlando Magic","Boston Celtics"
21800048,"San Antonio Spurs","Los Angeles Lakers"
21800047,"Phoenix Suns","Golden State Warriors"
21800050,"LA Clippers","New Orleans Pelicans"
21800051,"Sacramento Kings","Denver Nuggets"
21800049,"Philadelphia 76ers","Detroit Pistons"
21800055,"Minnesota Timberwolves","Toronto Raptors"
21800061,"Memphis Grizzlies","Sacramento Kings"
21800052,"Dallas Mavericks","Atlanta Hawks"
21800059,"Philadelphia 76ers","Milwaukee Bucks"
21800054,"New York Knicks","Miami Heat"
21800057,"Utah Jazz","Houston Rockets"
21800053,"Brooklyn Nets","Cleveland Cavaliers"
21800060,"Los Angeles Lakers","Phoenix Suns"
21800056,"Charlotte Hornets","Chicago Bulls"
21800058,"Indiana Pacers","San Antonio Spurs"
21800062,"Washington Wizards","Golden State Warriors"
21800065,"Boston Celtics","Oklahoma City Thunder"
21800063,"Cleveland Cavaliers","Detroit Pistons"
21800064,"Portland Trail Blazers","Orlando Magic"
21800066,"Denver Nuggets","Los Angeles Lakers"
21800072,"Brooklyn Nets","New Orleans Pelicans"
21800069,"Dallas Mavericks","Toronto Raptors"
21800067,"Chicago Bulls","Charlotte Hornets"
21800071,"Milwaukee Bucks","Minnesota Timberwolves"
21800073,"Washington Wizards","Sacramento Kings"
21800070,"LA Clippers","Houston Rockets"
21800068,"Golden State Warriors","New York Knicks"
21800075,"Utah Jazz","New Orleans Pelicans"
21800080,"Phoenix Suns","Memphis Grizzlies"
21800076,"Chicago Bulls","Atlanta Hawks"
21800081,"Orlando Magic","Milwaukee Bucks"
21800074,"Boston Celtics","Detroit Pistons"
21800079,"Portland Trail Blazers","Miami Heat"
21800077,"Indiana Pacers","Cleveland Cavaliers"
21800082,"Los Angeles Lakers","San Antonio Spurs"
21800078,"Charlotte Hornets","Philadelphia 76ers"
21800085,"Phoenix Suns","Oklahoma City Thunder"
21800084,"Utah Jazz","Dallas Mavericks"
21800086,"Washington Wizards","LA Clippers"
21800083,"Golden State Warriors","Brooklyn Nets"
21800093,"Los Angeles Lakers","Minnesota Timberwolves"
21800095,"New Orleans Pelicans","Denver Nuggets"
21800087,"Portland Trail Blazers","Indiana Pacers"
21800092,"Toronto Raptors","Milwaukee Bucks"
21800089,"Sacramento Kings","Miami Heat"
21800090,"Brooklyn Nets","New York Knicks"
21800091,"Golden State Warriors","Chicago Bulls"
21800094,"Dallas Mavericks","San Antonio Spurs"
21800088,"Atlanta Hawks","Philadelphia 76ers"
21800103,"LA Clippers","Oklahoma City Thunder"
21800102,"Washington Wizards","Memphis Grizzlies"
21800100,"Philadelphia 76ers","Toronto Raptors"
21800096,"Miami Heat","Charlotte Hornets"
21800097,"Atlanta Hawks","Cleveland Cavaliers"
21800101,"Portland Trail Blazers","Houston Rockets"
21800098,"Sacramento Kings","Orlando Magic"
21800099,"Detroit Pistons","Boston Celtics"
21800107,"Utah Jazz","Minnesota Timberwolves"
21800104,"Detroit Pistons","Brooklyn Nets"
21800110,"San Antonio Spurs","Phoenix Suns"
21800105,"Indiana Pacers","New York Knicks"
21800106,"Denver Nuggets","Chicago Bulls"
21800109,"Dallas Mavericks","Los Angeles Lakers"
21800108,"New Orleans Pelicans","Golden State Warriors"
21800111,"Oklahoma City Thunder","Charlotte Hornets"
21800114,"Sacramento Kings","Atlanta Hawks"
21800116,"New Orleans Pelicans","Portland Trail Blazers"
21800112,"Denver Nuggets","Cleveland Cavaliers"
21800115,"Milwaukee Bucks","Boston Celtics"
21800113,"LA Clippers","Philadelphia 76ers"
21800119,"Oklahoma City Thunder","Washington Wizards"
21800121,"New York Knicks","Dallas Mavericks"
21800122,"Memphis Grizzlies","Utah Jazz"
21800117,"LA Clippers","Orlando Magic"
21800118,"Houston Rockets","Brooklyn Nets"
21800123,"Toronto Raptors","Phoenix Suns"
21800120,"Indiana Pacers","Chicago Bulls"
21800124,"Minnesota Timberwolves","Golden State Warriors"
21800126,"Cleveland Cavaliers","Charlotte Hornets"
21800131,"Utah Jazz","Denver Nuggets"
21800128,"Miami Heat","Atlanta Hawks"
21800127,"Boston Celtics","Indiana Pacers"
21800132,"Los Angeles Lakers","Portland Trail Blazers"
21800129,"Houston Rockets","Chicago Bulls"
21800130,"New Orleans Pelicans","San Antonio Spurs"
21800125,"Detroit Pistons","Philadelphia 76ers"
21800135,"New York Knicks","Washington Wizards"
21800133,"Sacramento Kings","Milwaukee Bucks"
21800138,"Minnesota Timberwolves","Portland Trail Blazers"
21800134,"Philadelphia 76ers","Brooklyn Nets"
21800136,"Memphis Grizzlies","Phoenix Suns"
21800139,"Toronto Raptors","Los Angeles Lakers"
21800137,"Orlando Magic","San Antonio Spurs"
21800144,"New Orleans Pelicans","Oklahoma City Thunder"
21800145,"Boston Celtics","Denver Nuggets"
21800141,"Houston Rockets","Indiana Pacers"
21800146,"Toronto Raptors","Utah Jazz"
21800140,"Miami Heat","Detroit Pistons"
21800142,"Cleveland Cavaliers","Orlando Magic"
21800148,"Minnesota Timberwolves","LA Clippers"
21800143,"Chicago Bulls","New York Knicks"
21800147,"Memphis Grizzlies","Golden State Warriors"
21800149,"Atlanta Hawks","Charlotte Hornets"
21800150,"Washington Wizards","Dallas Mavericks"
21800152,"Milwaukee Bucks","Portland Trail Blazers"
21800151,"Brooklyn Nets","Phoenix Suns"
21800159,"Chicago Bulls","New Orleans Pelicans"
21800158,"Denver Nuggets","Memphis Grizzlies"
21800161,"Toronto Raptors","Sacramento Kings"
21800155,"New York Knicks","Atlanta Hawks"
21800157,"Philadelphia 76ers","Indiana Pacers"
21800160,"Dallas Mavericks","Utah Jazz"
21800156,"San Antonio Spurs","Miami Heat"
21800153,"Oklahoma City Thunder","Cleveland Cavaliers"
21800154,"Detroit Pistons","Orlando Magic"
21800162,"Minnesota Timberwolves","Los Angeles Lakers"
21800163,"Houston Rockets","Oklahoma City Thunder"
21800165,"LA Clippers","Portland Trail Blazers"
21800164,"Boston Celtics","Phoenix Suns"
21800166,"Milwaukee Bucks","Golden State Warriors"
21800171,"Brooklyn Nets","Denver Nuggets"
21800173,"Minnesota Timberwolves","Sacramento Kings"
21800169,"Detroit Pistons","Atlanta Hawks"
21800172,"Boston Celtics","Utah Jazz"
21800170,"Indiana Pacers","Miami Heat"
21800167,"Washington Wizards","Orlando Magic"
21800168,"Charlotte Hornets","Philadelphia 76ers"
21800176,"Phoenix Suns","New Orleans Pelicans"
21800179,"Philadelphia 76ers","Memphis Grizzlies"
21800174,"New York Knicks","Toronto Raptors"
21800183,"Los Angeles Lakers","Sacramento Kings"
21800181,"Oklahoma City Thunder","Dallas Mavericks"
21800177,"Washington Wizards","Miami Heat"
21800175,"Milwaukee Bucks","LA Clippers"
21800178,"Cleveland Cavaliers","Chicago Bulls"
21800180,"Houston Rockets","San Antonio Spurs"
21800182,"Brooklyn Nets","Golden State Warriors"
21800187,"Milwaukee Bucks","Denver Nuggets"
21800188,"Boston Celtics","Portland Trail Blazers"
21800184,"Charlotte Hornets","Detroit Pistons"
21800185,"Indiana Pacers","Houston Rockets"
21800186,"Orlando Magic","New York Knicks"
21800189,"Atlanta Hawks","Los Angeles Lakers"
21800194,"Utah Jazz","Memphis Grizzlies"
21800196,"Phoenix Suns","Oklahoma City Thunder"
21800192,"New Orleans Pelicans","Toronto Raptors"
21800190,"Orlando Magic","Washington Wizards"
21800195,"Brooklyn Nets","Minnesota Timberwolves"
21800197,"San Antonio Spurs","Sacramento Kings"
21800191,"Philadelphia 76ers","Miami Heat"
21800198,"Golden State Warriors","LA Clippers"
21800193,"Dallas Mavericks","Chicago Bulls"
21800200,"Houston Rockets","Denver Nuggets"
21800199,"Charlotte Hornets","Cleveland Cavaliers"
21800201,"Atlanta Hawks","Golden State Warriors"
21800209,"New York Knicks","Oklahoma City Thunder"
21800206,"Detroit Pistons","Toronto Raptors"
21800203,"Cleveland Cavaliers","Washington Wizards"
21800208,"New Orleans Pelicans","Minnesota Timberwolves"
21800210,"Utah Jazz","Dallas Mavericks"
21800207,"Memphis Grizzlies","Milwaukee Bucks"
21800202,"Philadelphia 76ers","Orlando Magic"
21800204,"Chicago Bulls","Boston Celtics"
21800205,"Miami Heat","Brooklyn Nets"
21800211,"San Antonio Spurs","Phoenix Suns"
21800212,"Portland Trail Blazers","Los Angeles Lakers"
21800214,"Atlanta Hawks","Denver Nuggets"
21800213,"Golden State Warriors","Houston Rockets"
21800215,"San Antonio Spurs","LA Clippers"
21800222,"New York Knicks","New Orleans Pelicans"
21800220,"Sacramento Kings","Memphis Grizzlies"
21800219,"Brooklyn Nets","Washington Wizards"
21800221,"Portland Trail Blazers","Minnesota Timberwolves"
21800217,"Miami Heat","Indiana Pacers"
21800223,"Chicago Bulls","Milwaukee Bucks"
21800216,"Toronto Raptors","Boston Celtics"
21800218,"Utah Jazz","Philadelphia 76ers"
21800228,"Denver Nuggets","New Orleans Pelicans"
21800225,"Philadelphia 76ers","Charlotte Hornets"
21800232,"Golden State Warriors","Dallas Mavericks"
21800226,"Atlanta Hawks","Indiana Pacers"
21800231,"Sacramento Kings","Houston Rockets"
21800227,"Los Angeles Lakers","Orlando Magic"
21800229,"Utah Jazz","Boston Celtics"
21800224,"LA Clippers","Brooklyn Nets"
21800233,"Oklahoma City Thunder","Phoenix Suns"
21800230,"Toronto Raptors","Chicago Bulls"
21800237,"Portland Trail Blazers","Washington Wizards"
21800234,"Memphis Grizzlies","Minnesota Timberwolves"
21800235,"Los Angeles Lakers","Miami Heat"
21800236,"New York Knicks","Orlando Magic"
21800238,"Golden State Warriors","San Antonio Spurs"
21800246,"San Antonio Spurs","New Orleans Pelicans"
21800244,"Dallas Mavericks","Memphis Grizzlies"
21800239,"Boston Celtics","Charlotte Hornets"
21800247,"Oklahoma City Thunder","Sacramento Kings"
21800243,"LA Clippers","Atlanta Hawks"
21800241,"Utah Jazz","Indiana Pacers"
21800245,"Denver Nuggets","Milwaukee Bucks"
21800240,"Cleveland Cavaliers","Detroit Pistons"
21800242,"Phoenix Suns","Philadelphia 76ers"
21800249,"LA Clippers","Washington Wizards"
21800250,"Brooklyn Nets","Miami Heat"
21800248,"Toronto Raptors","Orlando Magic"
21800251,"Portland Trail Blazers","New York Knicks"
21800252,"Indiana Pacers","Charlotte Hornets"
21800260,"Denver Nuggets","Minnesota Timberwolves"
21800254,"Toronto Raptors","Atlanta Hawks"
21800261,"Brooklyn Nets","Dallas Mavericks"
21800259,"Portland Trail Blazers","Milwaukee Bucks"
21800263,"Sacramento Kings","Utah Jazz"
21800258,"Detroit Pistons","Houston Rockets"
21800256,"Los Angeles Lakers","Cleveland Cavaliers"
21800255,"New York Knicks","Boston Celtics"
21800257,"Phoenix Suns","Chicago Bulls"
21800262,"Memphis Grizzlies","San Antonio Spurs"
21800264,"Oklahoma City Thunder","Golden State Warriors"
21800253,"New Orleans Pelicans","Philadelphia 76ers"
21800274,"Charlotte Hornets","Oklahoma City Thunder"
21800271,"Washington Wizards","Toronto Raptors"
21800276,"Orlando Magic","Denver Nuggets"
21800268,"Boston Celtics","Atlanta Hawks"
21800272,"San Antonio Spurs","Indiana Pacers"
21800275,"Phoenix Suns","Milwaukee Bucks"
21800267,"Houston Rockets","Detroit Pistons"
21800266,"Memphis Grizzlies","LA Clippers"
21800265,"Minnesota Timberwolves","Brooklyn Nets"
21800269,"New Orleans Pelicans","New York Knicks"
21800273,"Miami Heat","Chicago Bulls"
21800278,"Utah Jazz","Los Angeles Lakers"
21800277,"Portland Trail Blazers","Golden State Warriors"
21800270,"Cleveland Cavaliers","Philadelphia 76ers"
21800282,"Denver Nuggets","Oklahoma City Thunder"
21800280,"New Orleans Pelicans","Washington Wizards"
21800281,"Chicago Bulls","Minnesota Timberwolves"
21800283,"Boston Celtics","Dallas Mavericks"
21800284,"San Antonio Spurs","Milwaukee Bucks"
21800279,"Houston Rockets","Cleveland Cavaliers"
21800285,"Sacramento Kings","Golden State Warriors"
21800291,"New York Knicks","Memphis Grizzlies"
21800290,"Miami Heat","Toronto Raptors"
21800292,"Utah Jazz","Sacramento Kings"
21800288,"Charlotte Hornets","Atlanta Hawks"
21800293,"LA Clippers","Portland Trail Blazers"
21800287,"Phoenix Suns","Detroit Pistons"
21800289,"Philadelphia 76ers","Brooklyn Nets"
21800286,"Orlando Magic","Los Angeles Lakers"
21800298,"Boston Celtics","New Orleans Pelicans"
21800296,"Houston Rockets","Washington Wizards"
21800294,"Milwaukee Bucks","Charlotte Hornets"
21800299,"Indiana Pacers","Utah Jazz"
21800295,"Minnesota Timberwolves","Cleveland Cavaliers"
21800297,"San Antonio Spurs","Chicago Bulls"
21800300,"Orlando Magic","Golden State Warriors"
21800303,"Toronto Raptors","Memphis Grizzlies"
21800304,"Los Angeles Lakers","Denver Nuggets"
21800301,"New York Knicks","Detroit Pistons"
21800302,"Atlanta Hawks","Miami Heat"
21800305,"Indiana Pacers","Phoenix Suns"
21800312,"Washington Wizards","New Orleans Pelicans"
21800313,"Cleveland Cavaliers","Oklahoma City Thunder"
21800311,"San Antonio Spurs","Minnesota Timberwolves"
21800306,"Atlanta Hawks","Charlotte Hornets"
21800310,"Chicago Bulls","Milwaukee Bucks"
21800314,"Orlando Magic","Portland Trail Blazers"
21800309,"Dallas Mavericks","Houston Rockets"
21800315,"Phoenix Suns","LA Clippers"
21800308,"Utah Jazz","Brooklyn Nets"
21800307,"New York Knicks","Philadelphia 76ers"
21800316,"Golden State Warriors","Toronto Raptors"
21800318,"LA Clippers","Sacramento Kings"
21800317,"Indiana Pacers","Los Angeles Lakers"
21800325,"Atlanta Hawks","Oklahoma City Thunder"
21800320,"Utah Jazz","Charlotte Hornets"
21800329,"Denver Nuggets","Portland Trail Blazers"
21800321,"Chicago Bulls","Detroit Pistons"
21800324,"New Orleans Pelicans","Miami Heat"
21800319,"Cleveland Cavaliers","Boston Celtics"
21800323,"Memphis Grizzlies","Brooklyn Nets"
21800327,"Orlando Magic","Phoenix Suns"
21800328,"Dallas Mavericks","Los Angeles Lakers"
21800326,"Houston Rockets","San Antonio Spurs"
21800322,"Washington Wizards","Philadelphia 76ers"
21800333,"Brooklyn Nets","Washington Wizards"
21800335,"Boston Celtics","Minnesota Timberwolves"
21800336,"Indiana Pacers","Sacramento Kings"
21800331,"Golden State Warriors","Detroit Pistons"
21800334,"Chicago Bulls","Houston Rockets"
21800332,"Toronto Raptors","Cleveland Cavaliers"
21800330,"Milwaukee Bucks","New York Knicks"
21800338,"New Orleans Pelicans","Charlotte Hornets"
21800341,"LA Clippers","Dallas Mavericks"
21800339,"Utah Jazz","Miami Heat"
21800337,"Phoenix Suns","Los Angeles Lakers"
21800342,"Portland Trail Blazers","San Antonio Spurs"
21800340,"Memphis Grizzlies","Philadelphia 76ers"
21800349,"LA Clippers","New Orleans Pelicans"
21800347,"Denver Nuggets","Toronto Raptors"
21800348,"Houston Rockets","Minnesota Timberwolves"
21800344,"Golden State Warriors","Atlanta Hawks"
21800343,"Oklahoma City Thunder","Detroit Pistons"
21800345,"Cleveland Cavaliers","Brooklyn Nets"
21800346,"Washington Wizards","New York Knicks"
21800352,"Portland Trail Blazers","Dallas Mavericks"
21800350,"Chicago Bulls","Indiana Pacers"
21800354,"San Antonio Spurs","Utah Jazz"
21800351,"Orlando Magic","Miami Heat"
21800353,"Sacramento Kings","Phoenix Suns"
21800363,"Dallas Mavericks","New Orleans Pelicans"
21800360,"LA Clippers","Memphis Grizzlies"
21800359,"Philadelphia 76ers","Toronto Raptors"
21800362,"Charlotte Hornets","Minnesota Timberwolves"
21800357,"Washington Wizards","Atlanta Hawks"
21800361,"Detroit Pistons","Milwaukee Bucks"
21800355,"Golden State Warriors","Cleveland Cavaliers"
21800356,"Denver Nuggets","Orlando Magic"
21800358,"Oklahoma City Thunder","Brooklyn Nets"
21800364,"San Antonio Spurs","Los Angeles Lakers"
21800367,"Houston Rockets","Utah Jazz"
21800366,"Phoenix Suns","Portland Trail Blazers"
21800365,"New York Knicks","Boston Celtics"
21800374,"Memphis Grizzlies","New Orleans Pelicans"
21800368,"Denver Nuggets","Charlotte Hornets"
21800377,"Golden State Warriors","Milwaukee Bucks"
21800369,"Philadelphia 76ers","Detroit Pistons"
21800372,"Sacramento Kings","Cleveland Cavaliers"
21800370,"Indiana Pacers","Orlando Magic"
21800371,"Toronto Raptors","Brooklyn Nets"
21800376,"Miami Heat","Phoenix Suns"
21800373,"Oklahoma City Thunder","Chicago Bulls"
21800375,"Los Angeles Lakers","San Antonio Spurs"
21800384,"Los Angeles Lakers","Memphis Grizzlies"
21800380,"Denver Nuggets","Atlanta Hawks"
21800378,"Houston Rockets","Dallas Mavericks"
21800379,"Sacramento Kings","Indiana Pacers"
21800385,"Minnesota Timberwolves","Portland Trail Blazers"
21800381,"Washington Wizards","Cleveland Cavaliers"
21800386,"Miami Heat","LA Clippers"
21800382,"Brooklyn Nets","New York Knicks"
21800383,"Boston Celtics","Chicago Bulls"
21800388,"Milwaukee Bucks","Toronto Raptors"
21800387,"New Orleans Pelicans","Detroit Pistons"
21800389,"Charlotte Hornets","New York Knicks"
21800390,"Utah Jazz","San Antonio Spurs"
21800396,"Utah Jazz","Oklahoma City Thunder"
21800398,"Memphis Grizzlies","Denver Nuggets"
21800397,"Orlando Magic","Dallas Mavericks"
21800391,"Washington Wizards","Indiana Pacers"
21800395,"Cleveland Cavaliers","Milwaukee Bucks"
21800393,"New Orleans Pelicans","Boston Celtics"
21800399,"LA Clippers","Phoenix Suns"
21800394,"Sacramento Kings","Chicago Bulls"
21800401,"Miami Heat","Los Angeles Lakers"
21800400,"Minnesota Timberwolves","Golden State Warriors"
21800392,"Detroit Pistons","Philadelphia 76ers"
21800402,"Portland Trail Blazers","Houston Rockets"
21800404,"Toronto Raptors","LA Clippers"
21800403,"Phoenix Suns","San Antonio Spurs"
21800411,"Oklahoma City Thunder","New Orleans Pelicans"
21800410,"Portland Trail Blazers","Memphis Grizzlies"
21800409,"Boston Celtics","Washington Wizards"
21800405,"Detroit Pistons","Charlotte Hornets"
21800414,"Minnesota Timberwolves","Sacramento Kings"
21800412,"Atlanta Hawks","Dallas Mavericks"
21800407,"Milwaukee Bucks","Indiana Pacers"
21800413,"Miami Heat","Utah Jazz"
21800406,"New York Knicks","Cleveland Cavaliers"
21800415,"Toronto Raptors","Golden State Warriors"
21800408,"Brooklyn Nets","Philadelphia 76ers"
21800416,"Los Angeles Lakers","Houston Rockets"
21800418,"Chicago Bulls","Orlando Magic"
21800419,"Dallas Mavericks","Phoenix Suns"
21800417,"LA Clippers","San Antonio Spurs"
21800425,"Miami Heat","Memphis Grizzlies"
21800421,"New York Knicks","Charlotte Hornets"
21800426,"Oklahoma City Thunder","Denver Nuggets"
21800428,"Golden State Warriors","Sacramento Kings"
21800427,"Toronto Raptors","Portland Trail Blazers"
21800423,"Milwaukee Bucks","Cleveland Cavaliers"
21800420,"Atlanta Hawks","Boston Celtics"
21800422,"Washington Wizards","Brooklyn Nets"
21800424,"Indiana Pacers","Philadelphia 76ers"
21800434,"LA Clippers","Oklahoma City Thunder"
21800432,"Houston Rockets","Memphis Grizzlies"
21800430,"Los Angeles Lakers","Charlotte Hornets"
21800431,"Boston Celtics","Detroit Pistons"
21800429,"Utah Jazz","Orlando Magic"
21800435,"Minnesota Timberwolves","Phoenix Suns"
21800433,"Chicago Bulls","San Antonio Spurs"
21800441,"Miami Heat","New Orleans Pelicans"
21800439,"Los Angeles Lakers","Washington Wizards"
21800442,"Toronto Raptors","Denver Nuggets"
21800440,"Sacramento Kings","Dallas Mavericks"
21800438,"New York Knicks","Indiana Pacers"
21800437,"Philadelphia 76ers","Cleveland Cavaliers"
21800436,"Atlanta Hawks","Brooklyn Nets"
21800447,"Chicago Bulls","Oklahoma City Thunder"
21800446,"Sacramento Kings","Minnesota Timberwolves"
21800443,"Milwaukee Bucks","Detroit Pistons"
21800445,"Utah Jazz","Houston Rockets"
21800450,"Portland Trail Blazers","LA Clippers"
21800444,"Phoenix Suns","New York Knicks"
21800448,"Philadelphia 76ers","San Antonio Spurs"
21800449,"Memphis Grizzlies","Golden State Warriors"
21800454,"Dallas Mavericks","Denver Nuggets"
21800452,"Washington Wizards","Atlanta Hawks"
21800451,"Cleveland Cavaliers","Indiana Pacers"
21800453,"Los Angeles Lakers","Brooklyn Nets"
21800459,"Indiana Pacers","Toronto Raptors"
21800455,"Cleveland Cavaliers","Charlotte Hornets"
21800463,"Detroit Pistons","Minnesota Timberwolves"
21800466,"Oklahoma City Thunder","Sacramento Kings"
21800462,"New Orleans Pelicans","Milwaukee Bucks"
21800464,"Golden State Warriors","Utah Jazz"
21800465,"Memphis Grizzlies","Portland Trail Blazers"
21800461,"Washington Wizards","Houston Rockets"
21800456,"San Antonio Spurs","Orlando Magic"
21800458,"Phoenix Suns","Boston Celtics"
21800460,"Brooklyn Nets","Chicago Bulls"
21800457,"New York Knicks","Philadelphia 76ers"
21800467,"Houston Rockets","Miami Heat"
21800468,"Dallas Mavericks","LA Clippers"
21800470,"Cleveland Cavaliers","Toronto Raptors"
21800469,"Detroit Pistons","Charlotte Hornets"
21800477,"Memphis Grizzlies","Sacramento Kings"
21800476,"Utah Jazz","Portland Trail Blazers"
21800473,"Milwaukee Bucks","Boston Celtics"
21800471,"Indiana Pacers","Brooklyn Nets"
21800472,"Atlanta Hawks","New York Knicks"
21800474,"Orlando Magic","Chicago Bulls"
21800478,"New Orleans Pelicans","Los Angeles Lakers"
21800475,"Minnesota Timberwolves","San Antonio Spurs"
21800480,"Phoenix Suns","Washington Wizards"
21800485,"Oklahoma City Thunder","Utah Jazz"
21800482,"Milwaukee Bucks","Miami Heat"
21800483,"San Antonio Spurs","Houston Rockets"
21800479,"Denver Nuggets","LA Clippers"
21800484,"Dallas Mavericks","Golden State Warriors"
21800481,"Toronto Raptors","Philadelphia 76ers"
21800493,"Minnesota Timberwolves","Oklahoma City Thunder"
21800492,"New Orleans Pelicans","Sacramento Kings"
21800487,"Washington Wizards","Indiana Pacers"
21800495,"Dallas Mavericks","Portland Trail Blazers"
21800486,"Atlanta Hawks","Detroit Pistons"
21800490,"Chicago Bulls","Cleveland Cavaliers"
21800491,"Miami Heat","Orlando Magic"
21800489,"Phoenix Suns","Brooklyn Nets"
21800488,"Charlotte Hornets","Boston Celtics"
21800496,"Memphis Grizzlies","Los Angeles Lakers"
21800494,"LA Clippers","Golden State Warriors"
21800501,"Portland Trail Blazers","Utah Jazz"
21800498,"Oklahoma City Thunder","Houston Rockets"
21800499,"Philadelphia 76ers","Boston Celtics"
21800497,"Milwaukee Bucks","New York Knicks"
21800500,"Los Angeles Lakers","Golden State Warriors"
21800508,"Cleveland Cavaliers","Memphis Grizzlies"
21800504,"Indiana Pacers","Atlanta Hawks"
21800509,"New Orleans Pelicans","Dallas Mavericks"
21800502,"Washington Wizards","Detroit Pistons"
21800506,"Toronto Raptors","Miami Heat"
21800503,"Phoenix Suns","Orlando Magic"
21800511,"Sacramento Kings","LA Clippers"
21800505,"Charlotte Hornets","Brooklyn Nets"
21800507,"Minnesota Timberwolves","Chicago Bulls"
21800510,"Denver Nuggets","San Antonio Spurs"
21800514,"Los Angeles Lakers","Sacramento Kings"
21800513,"New York Knicks","Milwaukee Bucks"
21800515,"Philadelphia 76ers","Utah Jazz"
21800512,"Boston Celtics","Houston Rockets"
21800516,"Portland Trail Blazers","Golden State Warriors"
21800523,"Dallas Mavericks","New Orleans Pelicans"
21800520,"Chicago Bulls","Washington Wizards"
21800517,"Brooklyn Nets","Charlotte Hornets"
21800522,"Atlanta Hawks","Minnesota Timberwolves"
21800524,"San Antonio Spurs","Denver Nuggets"
21800518,"Detroit Pistons","Indiana Pacers"
21800521,"Cleveland Cavaliers","Miami Heat"
21800519,"Toronto Raptors","Orlando Magic"
21800525,"Oklahoma City Thunder","Phoenix Suns"
21800526,"LA Clippers","Los Angeles Lakers"
21800528,"Houston Rockets","New Orleans Pelicans"
21800531,"Boston Celtics","Memphis Grizzlies"
21800530,"Charlotte Hornets","Washington Wizards"
21800529,"Cleveland Cavaliers","Atlanta Hawks"
21800527,"Brooklyn Nets","Milwaukee Bucks"
21800532,"New York Knicks","Utah Jazz"
21800534,"Golden State Warriors","Portland Trail Blazers"
21800535,"San Antonio Spurs","LA Clippers"
21800533,"Denver Nuggets","Phoenix Suns"
21800538,"Chicago Bulls","Toronto Raptors"
21800539,"Oklahoma City Thunder","Dallas Mavericks"
21800540,"Philadelphia 76ers","Portland Trail Blazers"
21800537,"Minnesota Timberwolves","Miami Heat"
21800536,"Detroit Pistons","Orlando Magic"
21800541,"Sacramento Kings","Los Angeles Lakers"
21800546,"Minnesota Timberwolves","New Orleans Pelicans"
21800547,"Dallas Mavericks","Oklahoma City Thunder"
21800543,"Orlando Magic","Charlotte Hornets"
21800542,"Atlanta Hawks","Indiana Pacers"
21800544,"Memphis Grizzlies","Houston Rockets"
21800548,"Golden State Warriors","Phoenix Suns"
21800545,"Boston Celtics","San Antonio Spurs"
21800549,"Utah Jazz","Toronto Raptors"
21800551,"New York Knicks","Denver Nuggets"
21800552,"Portland Trail Blazers","Sacramento Kings"
21800550,"Detroit Pistons","Milwaukee Bucks"
21800553,"Philadelphia 76ers","LA Clippers"
21800560,"Detroit Pistons","Memphis Grizzlies"
21800554,"Dallas Mavericks","Charlotte Hornets"
21800556,"Atlanta Hawks","Washington Wizards"
21800555,"Miami Heat","Cleveland Cavaliers"
21800558,"Minnesota Timberwolves","Boston Celtics"
21800557,"New Orleans Pelicans","Brooklyn Nets"
21800561,"Philadelphia 76ers","Phoenix Suns"
21800559,"Orlando Magic","Chicago Bulls"
21800562,"Oklahoma City Thunder","Los Angeles Lakers"
21800564,"Denver Nuggets","Sacramento Kings"
21800563,"Toronto Raptors","San Antonio Spurs"
21800565,"Houston Rockets","Golden State Warriors"
21800570,"Brooklyn Nets","Memphis Grizzlies"
21800571,"Orlando Magic","Minnesota Timberwolves"
21800572,"Atlanta Hawks","Milwaukee Bucks"
21800575,"Oklahoma City Thunder","Portland Trail Blazers"
21800568,"Washington Wizards","Miami Heat"
21800567,"Utah Jazz","Cleveland Cavaliers"
21800566,"Dallas Mavericks","Boston Celtics"
21800573,"LA Clippers","Phoenix Suns"
21800569,"Indiana Pacers","Chicago Bulls"
21800574,"New York Knicks","Los Angeles Lakers"
21800576,"Charlotte Hornets","Denver Nuggets"
21800583,"Golden State Warriors","Sacramento Kings"
21800580,"Toronto Raptors","Milwaukee Bucks"
21800582,"Houston Rockets","Portland Trail Blazers"
21800577,"Utah Jazz","Detroit Pistons"
21800579,"New Orleans Pelicans","Cleveland Cavaliers"
21800581,"Memphis Grizzlies","San Antonio Spurs"
21800578,"Dallas Mavericks","Philadelphia 76ers"
21800588,"Washington Wizards","Oklahoma City Thunder"
21800589,"Indiana Pacers","Toronto Raptors"
21800585,"Los Angeles Lakers","Minnesota Timberwolves"
21800587,"Miami Heat","Atlanta Hawks"
21800586,"Orlando Magic","LA Clippers"
21800590,"Charlotte Hornets","Phoenix Suns"
21800584,"Brooklyn Nets","Chicago Bulls"
21800595,"Memphis Grizzlies","New Orleans Pelicans"
21800598,"Orlando Magic","Sacramento Kings"
21800596,"Los Angeles Lakers","Dallas Mavericks"
21800594,"Utah Jazz","Milwaukee Bucks"
21800597,"New York Knicks","Portland Trail Blazers"
21800591,"San Antonio Spurs","Detroit Pistons"
21800593,"Denver Nuggets","Houston Rockets"
21800592,"Brooklyn Nets","Boston Celtics"
21800603,"Minnesota Timberwolves","Oklahoma City Thunder"
21800602,"Atlanta Hawks","Toronto Raptors"
21800601,"Denver Nuggets","Miami Heat"
21800599,"Indiana Pacers","Cleveland Cavaliers"
21800606,"Charlotte Hornets","LA Clippers"
21800604,"Sacramento Kings","Phoenix Suns"
21800605,"New York Knicks","Golden State Warriors"
21800600,"Washington Wizards","Philadelphia 76ers"
21800612,"Cleveland Cavaliers","New Orleans Pelicans"
21800611,"San Antonio Spurs","Memphis Grizzlies"
21800608,"Philadelphia 76ers","Washington Wizards"
21800613,"Phoenix Suns","Dallas Mavericks"
21800614,"Orlando Magic","Utah Jazz"
21800615,"Chicago Bulls","Portland Trail Blazers"
21800610,"Milwaukee Bucks","Houston Rockets"
21800607,"Indiana Pacers","Boston Celtics"
21800609,"Atlanta Hawks","Brooklyn Nets"
21800616,"Detroit Pistons","Los Angeles Lakers"
21800618,"LA Clippers","Denver Nuggets"
21800620,"Detroit Pistons","Sacramento Kings"
21800617,"Boston Celtics","Miami Heat"
21800619,"Oklahoma City Thunder","San Antonio Spurs"
21800624,"Brooklyn Nets","Toronto Raptors"
21800622,"Milwaukee Bucks","Washington Wizards"
21800626,"Dallas Mavericks","Minnesota Timberwolves"
21800627,"Los Angeles Lakers","Utah Jazz"
21800628,"Charlotte Hornets","Portland Trail Blazers"
21800625,"Cleveland Cavaliers","Houston Rockets"
21800623,"Indiana Pacers","New York Knicks"
21800629,"Chicago Bulls","Golden State Warriors"
21800621,"Atlanta Hawks","Philadelphia 76ers"
21800634,"San Antonio Spurs","Oklahoma City Thunder"
21800633,"New Orleans Pelicans","Minnesota Timberwolves"
21800636,"Charlotte Hornets","Sacramento Kings"
21800637,"Chicago Bulls","Utah Jazz"
21800631,"Memphis Grizzlies","Miami Heat"
21800632,"Boston Celtics","Orlando Magic"
21800630,"Detroit Pistons","LA Clippers"
21800635,"Denver Nuggets","Phoenix Suns"
21800639,"Toronto Raptors","Washington Wizards"
21800643,"Portland Trail Blazers","Denver Nuggets"
21800640,"Milwaukee Bucks","Atlanta Hawks"
21800642,"Golden State Warriors","Dallas Mavericks"
21800641,"Houston Rockets","Orlando Magic"
21800638,"Philadelphia 76ers","New York Knicks"
21800644,"Cleveland Cavaliers","Los Angeles Lakers"
21800649,"Portland Trail Blazers","Sacramento Kings"
21800648,"Detroit Pistons","Utah Jazz"
21800646,"Memphis Grizzlies","Houston Rockets"
21800650,"New Orleans Pelicans","LA Clippers"
21800645,"Boston Celtics","Brooklyn Nets"
21800647,"Charlotte Hornets","San Antonio Spurs"
21800655,"Golden State Warriors","Denver Nuggets"
21800653,"Oklahoma City Thunder","Atlanta Hawks"
21800651,"Phoenix Suns","Indiana Pacers"
21800654,"Miami Heat","Milwaukee Bucks"
21800656,"Chicago Bulls","Los Angeles Lakers"
21800652,"Minnesota Timberwolves","Philadelphia 76ers"
21800660,"Milwaukee Bucks","Memphis Grizzlies"
21800661,"San Antonio Spurs","Dallas Mavericks"
21800662,"Cleveland Cavaliers","Portland Trail Blazers"
21800657,"Orlando Magic","Detroit Pistons"
21800659,"Brooklyn Nets","Houston Rockets"
21800664,"Utah Jazz","LA Clippers"
21800658,"Toronto Raptors","Boston Celtics"
21800663,"New Orleans Pelicans","Golden State Warriors"
21800670,"Los Angeles Lakers","Oklahoma City Thunder"
21800665,"New York Knicks","Washington Wizards"
21800668,"Phoenix Suns","Toronto Raptors"
21800666,"Sacramento Kings","Charlotte Hornets"
21800669,"Chicago Bulls","Denver Nuggets"
21800667,"Philadelphia 76ers","Indiana Pacers"
21800674,"San Antonio Spurs","Minnesota Timberwolves"
21800675,"Cleveland Cavaliers","Utah Jazz"
21800677,"New Orleans Pelicans","Portland Trail Blazers"
21800672,"Miami Heat","Detroit Pistons"
21800673,"Brooklyn Nets","Orlando Magic"
21800676,"Golden State Warriors","LA Clippers"
21800671,"Memphis Grizzlies","Boston Celtics"
21800684,"Memphis Grizzlies","Toronto Raptors"
21800679,"Phoenix Suns","Charlotte Hornets"
21800687,"Cleveland Cavaliers","Denver Nuggets"
21800683,"Boston Celtics","Atlanta Hawks"
21800681,"Dallas Mavericks","Indiana Pacers"
21800680,"Sacramento Kings","Detroit Pistons"
21800686,"Los Angeles Lakers","Houston Rockets"
21800682,"Milwaukee Bucks","Orlando Magic"
21800685,"Miami Heat","Chicago Bulls"
21800678,"Oklahoma City Thunder","Philadelphia 76ers"
21800689,"Phoenix Suns","Minnesota Timberwolves"
21800688,"Charlotte Hornets","Indiana Pacers"
21800690,"LA Clippers","San Antonio Spurs"
21800697,"New Orleans Pelicans","Memphis Grizzlies"
21800693,"Detroit Pistons","Washington Wizards"
21800695,"Orlando Magic","Atlanta Hawks"
21800694,"Dallas Mavericks","Milwaukee Bucks"
21800700,"Portland Trail Blazers","Utah Jazz"
21800692,"Chicago Bulls","Cleveland Cavaliers"
21800698,"Miami Heat","Boston Celtics"
21800696,"Sacramento Kings","Brooklyn Nets"
21800691,"Oklahoma City Thunder","New York Knicks"
21800701,"Golden State Warriors","Los Angeles Lakers"
21800699,"Houston Rockets","Philadelphia 76ers"
21800703,"Portland Trail Blazers","Oklahoma City Thunder"
21800702,"Sacramento Kings","Toronto Raptors"
21800704,"LA Clippers","Dallas Mavericks"
21800705,"Minnesota Timberwolves","Phoenix Suns"
21800714,"Detroit Pistons","New Orleans Pelicans"
21800713,"Charlotte Hornets","Memphis Grizzlies"
21800706,"Toronto Raptors","Indiana Pacers"
21800715,"Denver Nuggets","Utah Jazz"
21800709,"LA Clippers","Miami Heat"
21800707,"Cleveland Cavaliers","Boston Celtics"
21800708,"Orlando Magic","Brooklyn Nets"
21800710,"Houston Rockets","New York Knicks"
21800712,"Atlanta Hawks","Chicago Bulls"
21800711,"San Antonio Spurs","Philadelphia 76ers"
21800717,"New Orleans Pelicans","Oklahoma City Thunder"
21800716,"Golden State Warriors","Washington Wizards"
21800718,"Portland Trail Blazers","Phoenix Suns"
21800719,"Minnesota Timberwolves","Los Angeles Lakers"
21800725,"Sacramento Kings","Memphis Grizzlies"
21800728,"Phoenix Suns","Denver Nuggets"
21800726,"Detroit Pistons","Dallas Mavericks"
21800727,"Charlotte Hornets","Milwaukee Bucks"
21800729,"Minnesota Timberwolves","Utah Jazz"
21800724,"Toronto Raptors","Houston Rockets"
21800722,"Miami Heat","Cleveland Cavaliers"
21800720,"Washington Wizards","Orlando Magic"
21800721,"New York Knicks","Brooklyn Nets"
21800723,"LA Clippers","Chicago Bulls"
21800730,"San Antonio Spurs","New Orleans Pelicans"
21800731,"Indiana Pacers","Memphis Grizzlies"
21800733,"Philadelphia 76ers","Denver Nuggets"
21800734,"Atlanta Hawks","Portland Trail Blazers"
21800732,"Golden State Warriors","Boston Celtics"
21800738,"Milwaukee Bucks","Oklahoma City Thunder"
21800740,"Utah Jazz","Minnesota Timberwolves"
21800739,"Toronto Raptors","Dallas Mavericks"
21800737,"Orlando Magic","Houston Rockets"
21800736,"Sacramento Kings","LA Clippers"
21800741,"Miami Heat","New York Knicks"
21800735,"Cleveland Cavaliers","Chicago Bulls"
21800743,"Phoenix Suns","Los Angeles Lakers"
21800742,"Washington Wizards","San Antonio Spurs"
21800747,"Denver Nuggets","Memphis Grizzlies"
21800744,"New York Knicks","Charlotte Hornets"
21800745,"Golden State Warriors","Indiana Pacers"
21800748,"Atlanta Hawks","LA Clippers"
21800746,"Brooklyn Nets","Boston Celtics"
21800750,"Milwaukee Bucks","Detroit Pistons"
21800753,"New Orleans Pelicans","Houston Rockets"
21800751,"Oklahoma City Thunder","Orlando Magic"
21800749,"Washington Wizards","Cleveland Cavaliers"
21800752,"Chicago Bulls","Brooklyn Nets"
21800755,"Philadelphia 76ers","Los Angeles Lakers"
21800754,"Phoenix Suns","San Antonio Spurs"
21800761,"Denver Nuggets","New Orleans Pelicans"
21800759,"Indiana Pacers","Washington Wizards"
21800760,"Memphis Grizzlies","Minnesota Timberwolves"
21800762,"Atlanta Hawks","Sacramento Kings"
21800763,"Utah Jazz","Portland Trail Blazers"
21800757,"Chicago Bulls","Miami Heat"
21800756,"Charlotte Hornets","Boston Celtics"
21800758,"Dallas Mavericks","New York Knicks"
21800766,"Milwaukee Bucks","Toronto Raptors"
21800764,"Dallas Mavericks","Detroit Pistons"
21800765,"Indiana Pacers","Orlando Magic"
21800769,"Los Angeles Lakers","LA Clippers"
21800767,"Brooklyn Nets","San Antonio Spurs"
21800768,"Philadelphia 76ers","Golden State Warriors"
21800770,"Memphis Grizzlies","Charlotte Hornets"
21800774,"Houston Rockets","Denver Nuggets"
21800773,"Atlanta Hawks","Utah Jazz"
21800772,"Oklahoma City Thunder","Miami Heat"
21800771,"Boston Celtics","New York Knicks"
21800778,"Milwaukee Bucks","Washington Wizards"
21800776,"Chicago Bulls","Charlotte Hornets"
21800783,"Denver Nuggets","Minnesota Timberwolves"
21800785,"Philadelphia 76ers","Sacramento Kings"
21800786,"Houston Rockets","Utah Jazz"
21800775,"LA Clippers","Detroit Pistons"
21800781,"Indiana Pacers","Miami Heat"
21800780,"Dallas Mavericks","Cleveland Cavaliers"
21800777,"Brooklyn Nets","Orlando Magic"
21800784,"Atlanta Hawks","Phoenix Suns"
21800779,"New Orleans Pelicans","San Antonio Spurs"
21800782,"Los Angeles Lakers","Golden State Warriors"
21800789,"LA Clippers","Toronto Raptors"
21800788,"Oklahoma City Thunder","Boston Celtics"
21800787,"Memphis Grizzlies","New York Knicks"
21800793,"Indiana Pacers","New Orleans Pelicans"
21800791,"Atlanta Hawks","Washington Wizards"
21800795,"San Antonio Spurs","Sacramento Kings"
21800790,"Denver Nuggets","Detroit Pistons"
21800792,"Milwaukee Bucks","Brooklyn Nets"
21800794,"Houston Rockets","Phoenix Suns"
21800802,"Orlando Magic","Oklahoma City Thunder"
21800801,"Minnesota Timberwolves","Memphis Grizzlies"
21800796,"LA Clippers","Charlotte Hornets"
21800798,"Los Angeles Lakers","Indiana Pacers"
21800803,"Miami Heat","Portland Trail Blazers"
21800797,"Boston Celtics","Cleveland Cavaliers"
21800799,"Detroit Pistons","New York Knicks"
21800800,"Toronto Raptors","Philadelphia 76ers"
21800809,"Houston Rockets","Sacramento Kings"
21800807,"Charlotte Hornets","Dallas Mavericks"
21800806,"Washington Wizards","Milwaukee Bucks"
21800808,"Phoenix Suns","Utah Jazz"
21800804,"Denver Nuggets","Brooklyn Nets"
21800805,"New Orleans Pelicans","Chicago Bulls"
21800810,"San Antonio Spurs","Golden State Warriors"
21800815,"Memphis Grizzlies","Oklahoma City Thunder"
21800813,"Toronto Raptors","Atlanta Hawks"
21800811,"LA Clippers","Indiana Pacers"
21800816,"San Antonio Spurs","Portland Trail Blazers"
21800812,"Minnesota Timberwolves","Orlando Magic"
21800814,"Los Angeles Lakers","Boston Celtics"
21800823,"Minnesota Timberwolves","New Orleans Pelicans"
21800819,"Cleveland Cavaliers","Washington Wizards"
21800824,"Miami Heat","Sacramento Kings"
21800821,"Milwaukee Bucks","Dallas Mavericks"
21800817,"New York Knicks","Detroit Pistons"
21800820,"Chicago Bulls","Brooklyn Nets"
21800822,"Golden State Warriors","Phoenix Suns"
21800818,"Denver Nuggets","Philadelphia 76ers"
21800831,"New Orleans Pelicans","Memphis Grizzlies"
21800827,"Charlotte Hornets","Atlanta Hawks"
21800826,"Cleveland Cavaliers","Indiana Pacers"
21800833,"Orlando Magic","Milwaukee Bucks"
21800825,"San Antonio Spurs","Utah Jazz"
21800832,"Oklahoma City Thunder","Houston Rockets"
21800829,"LA Clippers","Boston Celtics"
21800828,"Toronto Raptors","New York Knicks"
21800830,"Washington Wizards","Chicago Bulls"
21800836,"Phoenix Suns","Sacramento Kings"
21800837,"Orlando Magic","Atlanta Hawks"
21800834,"Portland Trail Blazers","Dallas Mavericks"
21800838,"Miami Heat","Golden State Warriors"
21800835,"Los Angeles Lakers","Philadelphia 76ers"
21800846,"Portland Trail Blazers","Oklahoma City Thunder"
21800842,"Brooklyn Nets","Toronto Raptors"
21800845,"LA Clippers","Minnesota Timberwolves"
21800847,"Miami Heat","Denver Nuggets"
21800841,"Charlotte Hornets","Indiana Pacers"
21800840,"Washington Wizards","Detroit Pistons"
21800844,"Dallas Mavericks","Houston Rockets"
21800839,"New York Knicks","Cleveland Cavaliers"
21800843,"Milwaukee Bucks","Chicago Bulls"
21800851,"Orlando Magic","New Orleans Pelicans"
21800850,"San Antonio Spurs","Memphis Grizzlies"
21800848,"Los Angeles Lakers","Atlanta Hawks"
21800852,"Utah Jazz","Golden State Warriors"
21800849,"Boston Celtics","Philadelphia 76ers"
21800857,"Washington Wizards","Toronto Raptors"
21800860,"Sacramento Kings","Denver Nuggets"
21800861,"Houston Rockets","Minnesota Timberwolves"
21800859,"Miami Heat","Dallas Mavericks"
21800854,"Milwaukee Bucks","Indiana Pacers"
21800862,"Golden State Warriors","Portland Trail Blazers"
21800853,"Brooklyn Nets","Cleveland Cavaliers"
21800863,"Phoenix Suns","LA Clippers"
21800855,"Detroit Pistons","Boston Celtics"
21800856,"Philadelphia 76ers","New York Knicks"
21800858,"Memphis Grizzlies","Chicago Bulls"
21800866,"Oklahoma City Thunder","New Orleans Pelicans"
21800865,"New York Knicks","Atlanta Hawks"
21800864,"Charlotte Hornets","Orlando Magic"
21800870,"Boston Celtics","Milwaukee Bucks"
21800867,"Phoenix Suns","Cleveland Cavaliers"
21800869,"Portland Trail Blazers","Brooklyn Nets"
21800872,"Houston Rockets","Los Angeles Lakers"
21800871,"Sacramento Kings","Golden State Warriors"
21800868,"Miami Heat","Philadelphia 76ers"
21800881,"Utah Jazz","Oklahoma City Thunder"
21800876,"San Antonio Spurs","Toronto Raptors"
21800879,"LA Clippers","Memphis Grizzlies"
21800873,"Washington Wizards","Charlotte Hornets"
21800877,"Detroit Pistons","Atlanta Hawks"
21800880,"Denver Nuggets","Dallas Mavericks"
21800874,"New Orleans Pelicans","Indiana Pacers"
21800875,"Chicago Bulls","Orlando Magic"
21800878,"Minnesota Timberwolves","New York Knicks"
21800887,"Los Angeles Lakers","New Orleans Pelicans"
21800890,"Sacramento Kings","Oklahoma City Thunder"
21800886,"Indiana Pacers","Washington Wizards"
21800884,"Brooklyn Nets","Charlotte Hornets"
21800883,"Phoenix Suns","Atlanta Hawks"
21800893,"Dallas Mavericks","Utah Jazz"
21800891,"Minnesota Timberwolves","Milwaukee Bucks"
21800888,"Detroit Pistons","Miami Heat"
21800885,"Memphis Grizzlies","Cleveland Cavaliers"
21800889,"Boston Celtics","Chicago Bulls"
21800892,"Houston Rockets","Golden State Warriors"
21800882,"Portland Trail Blazers","Philadelphia 76ers"
21800894,"Orlando Magic","Toronto Raptors"
21800895,"LA Clippers","Denver Nuggets"
21800896,"San Antonio Spurs","New York Knicks"
21800906,"Philadelphia 76ers","New Orleans Pelicans"
21800904,"Los Angeles Lakers","Memphis Grizzlies"
21800897,"Golden State Warriors","Charlotte Hornets"
21800905,"Sacramento Kings","Minnesota Timberwolves"
21800899,"Indiana Pacers","Detroit Pistons"
21800901,"Phoenix Suns","Miami Heat"
21800903,"Atlanta Hawks","Houston Rockets"
21800898,"Portland Trail Blazers","Cleveland Cavaliers"
21800907,"Dallas Mavericks","LA Clippers"
21800900,"San Antonio Spurs","Brooklyn Nets"
21800902,"Milwaukee Bucks","Chicago Bulls"
21800909,"Boston Celtics","Toronto Raptors"
21800910,"Oklahoma City Thunder","Denver Nuggets"
21800908,"Orlando Magic","New York Knicks"
21800916,"Chicago Bulls","Memphis Grizzlies"
21800911,"Houston Rockets","Charlotte Hornets"
21800920,"Milwaukee Bucks","Sacramento Kings"
21800912,"Minnesota Timberwolves","Atlanta Hawks"
21800918,"Indiana Pacers","Dallas Mavericks"
21800919,"LA Clippers","Utah Jazz"
21800915,"Golden State Warriors","Miami Heat"
21800913,"Portland Trail Blazers","Boston Celtics"
21800914,"Washington Wizards","Brooklyn Nets"
21800921,"New Orleans Pelicans","Los Angeles Lakers"
21800917,"Detroit Pistons","San Antonio Spurs"
21800927,"Philadelphia 76ers","Oklahoma City Thunder"
21800926,"Utah Jazz","Denver Nuggets"
21800922,"Minnesota Timberwolves","Indiana Pacers"
21800925,"Miami Heat","Houston Rockets"
21800923,"Golden State Warriors","Orlando Magic"
21800924,"Cleveland Cavaliers","New York Knicks"
21800930,"Portland Trail Blazers","Toronto Raptors"
21800933,"LA Clippers","Sacramento Kings"
21800928,"Chicago Bulls","Atlanta Hawks"
21800931,"Washington Wizards","Boston Celtics"
21800929,"Charlotte Hornets","Brooklyn Nets"
21800932,"New Orleans Pelicans","Phoenix Suns"
21800934,"Milwaukee Bucks","Los Angeles Lakers"
21800941,"New Orleans Pelicans","Denver Nuggets"
21800939,"Memphis Grizzlies","Dallas Mavericks"
21800936,"Orlando Magic","Indiana Pacers"
21800943,"Milwaukee Bucks","Utah Jazz"
21800937,"Brooklyn Nets","Miami Heat"
21800935,"Detroit Pistons","Cleveland Cavaliers"
21800942,"Los Angeles Lakers","Phoenix Suns"
21800940,"Oklahoma City Thunder","San Antonio Spurs"
21800938,"Golden State Warriors","Philadelphia 76ers"
21800951,"Memphis Grizzlies","Oklahoma City Thunder"
21800950,"Minnesota Timberwolves","Washington Wizards"
21800944,"Portland Trail Blazers","Charlotte Hornets"
21800949,"Toronto Raptors","Detroit Pistons"
21800948,"Orlando Magic","Cleveland Cavaliers"
21800947,"New York Knicks","LA Clippers"
21800945,"Houston Rockets","Boston Celtics"
21800946,"Atlanta Hawks","Chicago Bulls"
21800957,"New York Knicks","Sacramento Kings"
21800956,"New Orleans Pelicans","Utah Jazz"
21800953,"Atlanta Hawks","Miami Heat"
21800952,"Dallas Mavericks","Brooklyn Nets"
21800955,"Milwaukee Bucks","Phoenix Suns"
21800958,"LA Clippers","Los Angeles Lakers"
21800954,"Denver Nuggets","San Antonio Spurs"
21800962,"Portland Trail Blazers","Memphis Grizzlies"
21800961,"Houston Rockets","Toronto Raptors"
21800963,"Oklahoma City Thunder","Minnesota Timberwolves"
21800959,"Chicago Bulls","Indiana Pacers"
21800964,"Boston Celtics","Golden State Warriors"
21800960,"Orlando Magic","Philadelphia 76ers"
21800971,"Utah Jazz","New Orleans Pelicans"
21800967,"Dallas Mavericks","Washington Wizards"
21800965,"Miami Heat","Charlotte Hornets"
21800973,"Boston Celtics","Sacramento Kings"
21800968,"San Antonio Spurs","Atlanta Hawks"
21800966,"Minnesota Timberwolves","Detroit Pistons"
21800969,"Cleveland Cavaliers","Brooklyn Nets"
21800972,"New York Knicks","Phoenix Suns"
21800970,"Philadelphia 76ers","Chicago Bulls"
21800974,"Denver Nuggets","Los Angeles Lakers"
21800975,"Indiana Pacers","Milwaukee Bucks"
21800976,"Oklahoma City Thunder","Portland Trail Blazers"
21800983,"Toronto Raptors","New Orleans Pelicans"
21800982,"Utah Jazz","Memphis Grizzlies"
21800977,"Washington Wizards","Charlotte Hornets"
21800979,"Cleveland Cavaliers","Miami Heat"
21800981,"Philadelphia 76ers","Houston Rockets"
21800978,"Dallas Mavericks","Orlando Magic"
21800985,"Oklahoma City Thunder","LA Clippers"
21800980,"Detroit Pistons","Chicago Bulls"
21800984,"Denver Nuggets","Golden State Warriors"
21800988,"Washington Wizards","Minnesota Timberwolves"
21800987,"Brooklyn Nets","Atlanta Hawks"
21800990,"Charlotte Hornets","Milwaukee Bucks"
21800991,"Phoenix Suns","Portland Trail Blazers"
21800986,"Sacramento Kings","New York Knicks"
21800989,"Boston Celtics","Los Angeles Lakers"
21800996,"Orlando Magic","Memphis Grizzlies"
21800998,"New York Knicks","Minnesota Timberwolves"
21800995,"New Orleans Pelicans","Atlanta Hawks"
21800997,"Houston Rockets","Dallas Mavericks"
21800992,"Chicago Bulls","Detroit Pistons"
21800993,"Toronto Raptors","Miami Heat"
21800999,"Milwaukee Bucks","San Antonio Spurs"
21801000,"Phoenix Suns","Golden State Warriors"
21800994,"Indiana Pacers","Philadelphia 76ers"
21801002,"Sacramento Kings","Washington Wizards"
21801005,"Oklahoma City Thunder","Utah Jazz"
21801004,"Charlotte Hornets","Houston Rockets"
21801001,"Toronto Raptors","Cleveland Cavaliers"
21801006,"Boston Celtics","LA Clippers"
21801003,"Detroit Pistons","Brooklyn Nets"
21801010,"Milwaukee Bucks","New Orleans Pelicans"
21801012,"Minnesota Timberwolves","Denver Nuggets"
21801011,"San Antonio Spurs","Dallas Mavericks"
21801007,"New York Knicks","Indiana Pacers"
21801013,"Portland Trail Blazers","LA Clippers"
21801009,"Los Angeles Lakers","Chicago Bulls"
21801008,"Cleveland Cavaliers","Philadelphia 76ers"
21801017,"Brooklyn Nets","Oklahoma City Thunder"
21801015,"Orlando Magic","Washington Wizards"
21801016,"Memphis Grizzlies","Atlanta Hawks"
21801014,"Detroit Pistons","Miami Heat"
21801018,"Golden State Warriors","Houston Rockets"
21801019,"Utah Jazz","Phoenix Suns"
21801023,"Los Angeles Lakers","Toronto Raptors"
21801025,"Dallas Mavericks","Denver Nuggets"
21801020,"Oklahoma City Thunder","Indiana Pacers"
21801024,"Minnesota Timberwolves","Utah Jazz"
21801021,"Cleveland Cavaliers","Orlando Magic"
21801022,"Sacramento Kings","Boston Celtics"
21801031,"Portland Trail Blazers","New Orleans Pelicans"
21801028,"Charlotte Hornets","Washington Wizards"
21801026,"Los Angeles Lakers","Detroit Pistons"
21801029,"Milwaukee Bucks","Miami Heat"
21801030,"Phoenix Suns","Houston Rockets"
21801033,"Chicago Bulls","LA Clippers"
21801032,"New York Knicks","San Antonio Spurs"
21801027,"Sacramento Kings","Philadelphia 76ers"
21801036,"Phoenix Suns","New Orleans Pelicans"
21801038,"Golden State Warriors","Oklahoma City Thunder"
21801035,"Memphis Grizzlies","Washington Wizards"
21801040,"Indiana Pacers","Denver Nuggets"
21801037,"Cleveland Cavaliers","Dallas Mavericks"
21801041,"Brooklyn Nets","Utah Jazz"
21801034,"Atlanta Hawks","Boston Celtics"
21801039,"Portland Trail Blazers","San Antonio Spurs"
21801047,"Chicago Bulls","Sacramento Kings"
21801043,"Philadelphia 76ers","Milwaukee Bucks"
21801044,"Toronto Raptors","Detroit Pistons"
21801045,"Charlotte Hornets","Miami Heat"
21801048,"Minnesota Timberwolves","Houston Rockets"
21801046,"Atlanta Hawks","Orlando Magic"
21801049,"Brooklyn Nets","LA Clippers"
21801042,"Los Angeles Lakers","New York Knicks"
21801054,"Miami Heat","Oklahoma City Thunder"
21801053,"New York Knicks","Toronto Raptors"
21801051,"Utah Jazz","Washington Wizards"
21801056,"New Orleans Pelicans","Dallas Mavericks"
21801058,"Indiana Pacers","Portland Trail Blazers"
21801050,"Detroit Pistons","Cleveland Cavaliers"
21801052,"Denver Nuggets","Boston Celtics"
21801057,"Chicago Bulls","Phoenix Suns"
21801055,"Golden State Warriors","San Antonio Spurs"
21801062,"Golden State Warriors","Minnesota Timberwolves"
21801059,"Philadelphia 76ers","Charlotte Hornets"
21801063,"Brooklyn Nets","Sacramento Kings"
21801060,"Houston Rockets","Atlanta Hawks"
21801061,"Los Angeles Lakers","Milwaukee Bucks"
21801064,"Indiana Pacers","LA Clippers"
21801070,"Houston Rockets","Memphis Grizzlies"
21801072,"Toronto Raptors","Oklahoma City Thunder"
21801073,"Dallas Mavericks","Portland Trail Blazers"
21801065,"Milwaukee Bucks","Cleveland Cavaliers"
21801066,"New Orleans Pelicans","Orlando Magic"
21801068,"Utah Jazz","New York Knicks"
21801069,"Washington Wizards","Chicago Bulls"
21801071,"Miami Heat","San Antonio Spurs"
21801067,"Boston Celtics","Philadelphia 76ers"
21801075,"Denver Nuggets","Washington Wizards"
21801074,"Minnesota Timberwolves","Charlotte Hornets"
21801078,"Dallas Mavericks","Sacramento Kings"
21801076,"Utah Jazz","Atlanta Hawks"
21801077,"Detroit Pistons","Phoenix Suns"
21801079,"Indiana Pacers","Golden State Warriors"
21801083,"Oklahoma City Thunder","Toronto Raptors"
21801085,"Miami Heat","Milwaukee Bucks"
21801084,"San Antonio Spurs","Houston Rockets"
21801081,"LA Clippers","Cleveland Cavaliers"
21801080,"Memphis Grizzlies","Orlando Magic"
21801082,"Denver Nuggets","New York Knicks"
21801086,"Brooklyn Nets","Los Angeles Lakers"
21801091,"Minnesota Timberwolves","Memphis Grizzlies"
21801089,"Miami Heat","Washington Wizards"
21801087,"Boston Celtics","Charlotte Hornets"
21801094,"Phoenix Suns","Sacramento Kings"
21801088,"Philadelphia 76ers","Atlanta Hawks"
21801093,"Detroit Pistons","Portland Trail Blazers"
21801090,"Utah Jazz","Chicago Bulls"
21801092,"Dallas Mavericks","Golden State Warriors"
21801099,"Houston Rockets","New Orleans Pelicans"
21801098,"Charlotte Hornets","Toronto Raptors"
21801097,"Denver Nuggets","Indiana Pacers"
21801096,"Cleveland Cavaliers","Milwaukee Bucks"
21801100,"San Antonio Spurs","Boston Celtics"
21801095,"LA Clippers","New York Knicks"
21801102,"Sacramento Kings","Los Angeles Lakers"
21801101,"Detroit Pistons","Golden State Warriors"
21801104,"Oklahoma City Thunder","Memphis Grizzlies"
21801105,"Phoenix Suns","Utah Jazz"
21801106,"Brooklyn Nets","Portland Trail Blazers"
21801103,"Philadelphia 76ers","Orlando Magic"
21801113,"Atlanta Hawks","New Orleans Pelicans"
21801110,"Chicago Bulls","Toronto Raptors"
21801107,"San Antonio Spurs","Charlotte Hornets"
21801112,"LA Clippers","Minnesota Timberwolves"
21801115,"Detroit Pistons","Denver Nuggets"
21801114,"Sacramento Kings","Dallas Mavericks"
21801111,"Houston Rockets","Milwaukee Bucks"
21801109,"Orlando Magic","Miami Heat"
21801108,"Boston Celtics","Cleveland Cavaliers"
21801116,"Washington Wizards","Los Angeles Lakers"
21801119,"Indiana Pacers","Oklahoma City Thunder"
21801118,"Golden State Warriors","Memphis Grizzlies"
21801121,"Los Angeles Lakers","Utah Jazz"
21801120,"Washington Wizards","Phoenix Suns"
21801117,"Portland Trail Blazers","Chicago Bulls"
21801128,"Sacramento Kings","New Orleans Pelicans"
21801127,"LA Clippers","Milwaukee Bucks"
21801122,"Orlando Magic","Detroit Pistons"
21801124,"Dallas Mavericks","Miami Heat"
21801126,"Denver Nuggets","Houston Rockets"
21801125,"Toronto Raptors","New York Knicks"
21801129,"Cleveland Cavaliers","San Antonio Spurs"
21801123,"Brooklyn Nets","Philadelphia 76ers"
21801133,"Denver Nuggets","Oklahoma City Thunder"
21801132,"Golden State Warriors","Minnesota Timberwolves"
21801131,"Portland Trail Blazers","Atlanta Hawks"
21801134,"Washington Wizards","Utah Jazz"
21801130,"Indiana Pacers","Boston Celtics"
21801135,"Charlotte Hornets","Los Angeles Lakers"
21801143,"Philadelphia 76ers","Minnesota Timberwolves"
21801140,"Orlando Magic","Indiana Pacers"
21801139,"Portland Trail Blazers","Detroit Pistons"
21801138,"Sacramento Kings","Houston Rockets"
21801136,"Cleveland Cavaliers","LA Clippers"
21801137,"Boston Celtics","Brooklyn Nets"
21801144,"Memphis Grizzlies","Phoenix Suns"
21801141,"Miami Heat","New York Knicks"
21801142,"Toronto Raptors","Chicago Bulls"
21801147,"Los Angeles Lakers","New Orleans Pelicans"
21801146,"Dallas Mavericks","Oklahoma City Thunder"
21801148,"Washington Wizards","Denver Nuggets"
21801145,"Milwaukee Bucks","Atlanta Hawks"
21801151,"Memphis Grizzlies","LA Clippers"
21801149,"Sacramento Kings","San Antonio Spurs"
21801150,"Charlotte Hornets","Golden State Warriors"
21801156,"Orlando Magic","Toronto Raptors"
21801157,"Portland Trail Blazers","Minnesota Timberwolves"
21801158,"Philadelphia 76ers","Dallas Mavericks"
21801152,"Detroit Pistons","Indiana Pacers"
21801159,"Charlotte Hornets","Utah Jazz"
21801153,"Miami Heat","Boston Celtics"
21801154,"Milwaukee Bucks","Brooklyn Nets"
21801160,"Cleveland Cavaliers","Phoenix Suns"
21801155,"Chicago Bulls","New York Knicks"
21801161,"Los Angeles Lakers","Oklahoma City Thunder"
21801163,"Houston Rockets","Sacramento Kings"
21801162,"Atlanta Hawks","San Antonio Spurs"
21801164,"Denver Nuggets","Golden State Warriors"
21801171,"Charlotte Hornets","New Orleans Pelicans"
21801167,"Chicago Bulls","Washington Wizards"
21801173,"San Antonio Spurs","Denver Nuggets"
21801168,"Philadelphia 76ers","Atlanta Hawks"
21801172,"Minnesota Timberwolves","Dallas Mavericks"
21801175,"Memphis Grizzlies","Portland Trail Blazers"
21801165,"Indiana Pacers","Detroit Pistons"
21801170,"Boston Celtics","Miami Heat"
21801166,"New York Knicks","Orlando Magic"
21801176,"Houston Rockets","LA Clippers"
21801169,"Toronto Raptors","Brooklyn Nets"
21801174,"Utah Jazz","Phoenix Suns"
21801178,"Cleveland Cavaliers","Sacramento Kings"
21801179,"Golden State Warriors","Los Angeles Lakers"
21801177,"Milwaukee Bucks","Philadelphia 76ers"
21801186,"Detroit Pistons","Oklahoma City Thunder"
21801182,"San Antonio Spurs","Washington Wizards"
21801180,"Toronto Raptors","Charlotte Hornets"
21801185,"Miami Heat","Minnesota Timberwolves"
21801190,"Portland Trail Blazers","Denver Nuggets"
21801187,"Memphis Grizzlies","Dallas Mavericks"
21801183,"Boston Celtics","Indiana Pacers"
21801188,"Sacramento Kings","Utah Jazz"
21801184,"New York Knicks","Houston Rockets"
21801181,"Atlanta Hawks","Orlando Magic"
21801192,"Los Angeles Lakers","LA Clippers"
21801189,"New Orleans Pelicans","Phoenix Suns"
21801191,"Cleveland Cavaliers","Golden State Warriors"
21801193,"Brooklyn Nets","Milwaukee Bucks"
21801194,"Philadelphia 76ers","Chicago Bulls"
21801201,"Dallas Mavericks","Memphis Grizzlies"
21801195,"Miami Heat","Toronto Raptors"
21801197,"Oklahoma City Thunder","Minnesota Timberwolves"
21801207,"New Orleans Pelicans","Sacramento Kings"
21801199,"Brooklyn Nets","Indiana Pacers"
21801202,"Atlanta Hawks","Milwaukee Bucks"
21801206,"Denver Nuggets","Portland Trail Blazers"
21801198,"Charlotte Hornets","Detroit Pistons"
21801200,"Phoenix Suns","Houston Rockets"
21801196,"San Antonio Spurs","Cleveland Cavaliers"
21801203,"Orlando Magic","Boston Celtics"
21801204,"Washington Wizards","New York Knicks"
21801208,"Utah Jazz","Los Angeles Lakers"
21801205,"LA Clippers","Golden State Warriors"
21801215,"Golden State Warriors","New Orleans Pelicans"
21801218,"Houston Rockets","Oklahoma City Thunder"
21801211,"Boston Celtics","Washington Wizards"
21801214,"Toronto Raptors","Minnesota Timberwolves"
21801216,"Phoenix Suns","Dallas Mavericks"
21801217,"Denver Nuggets","Utah Jazz"
21801210,"Memphis Grizzlies","Detroit Pistons"
21801212,"Philadelphia 76ers","Miami Heat"
21801209,"Charlotte Hornets","Cleveland Cavaliers"
21801213,"New York Knicks","Chicago Bulls"
21801219,"Portland Trail Blazers","Los Angeles Lakers"
21801225,"Golden State Warriors","Memphis Grizzlies"
21801222,"Orlando Magic","Charlotte Hornets"
21801228,"Minnesota Timberwolves","Denver Nuggets"
21801220,"Indiana Pacers","Atlanta Hawks"
21801226,"Oklahoma City Thunder","Milwaukee Bucks"
21801230,"Sacramento Kings","Portland Trail Blazers"
21801229,"Utah Jazz","LA Clippers"
21801221,"Miami Heat","Brooklyn Nets"
21801223,"Detroit Pistons","New York Knicks"
21801227,"Dallas Mavericks","San Antonio Spurs"
21801224,"Chicago Bulls","Philadelphia 76ers"
